id,created_time,ad_id,ad_name,adset_name,campaign_name,form_name,is_organic,platform,Full Name,Email Address,Phone Number,City,Submitted,job_title
10200,2026-05-11T10:45:01+0000,ad_88422,Spring Tower Lead Form,Awareness - Bengaluru,Meridian Q2,Meridian Tower Interest Form,false,ig,Neha Kapoor,neha.kapoor@yahoo.com,"+91 98111 22334, 9811122335",Mumbai,2026-05-11,Product Manager
10100,2026-06-26T22:09:37+0000,ad_88327,Sarjapur Plots Form,Awareness - Bengaluru,Eden Park Launch,Eden Park Brochure Form,true,fb,Mrs. Suresh Mehta,suresh.mehta@company.com,919876598783,Mumbai,2026-07-09,
10101,2026-06-20T04:51:36+0000,ad_88457,Meridian Tower Interest Form,Lookalike - KA,Eden Park Launch,Eden Park Brochure Form,true,ig,Sara Desai,sara.desai@outlook.com,+91 97364 06938,Kochi,2026-05-27,Software Engineer
10102,2026-06-15T03:28:43+0000,ad_88112,Spring Tower Lead Form,Retargeting - Pune,Sarjapur Plots,Meridian Tower Interest Form,false,fb,Mrs. Lakshmi Reddy,lakshmi.reddy@gmail.com,919876819310,Kolkata,2026-07-10,Software Engineer
10103,2026-06-29T10:03:49+0000,ad_88243,Meridian Tower Interest Form,Lookalike - KA,Eden Park Launch,Eden Park Brochure Form,false,fb,Dr. Kavya Shetty,,080-41114962 / 9840177156,Mumbai,2026-06-08,
10104,2026-05-01T03:28:04+0000,ad_88852,Meridian Tower Interest Form,Lookalike - KA,Eden Park Launch,Meridian Tower Interest Form,false,fb,Ms. Girish Shetty,girish.shetty@company.com,+91 98752 37728,Ahmedabad,2026-05-14,
10105,2026-07-10T16:33:37+0000,ad_88456,Sarjapur Plots Form,Awareness - Bengaluru,Meridian Q2,Eden Park Brochure Form,false,ig,Dr. Isha Chopra,isha.chopra@gmail.com,080-41115883 / 9259347986,Nagpur,2026-07-02,
10106,2026-06-08T22:49:19+0000,ad_88687,Meridian Tower Interest Form,Awareness - Bengaluru,Sarjapur Plots,Eden Park Brochure Form,true,ig,Ms. Isha Bose,isha.bose@gmail.com,919876945487,Bengaluru,2026-05-23,Doctor
10107,2026-06-10T06:03:14+0000,ad_88707,Spring Tower Lead Form,Lookalike - KA,Sarjapur Plots,Sarjapur Plots Waitlist,false,fb,Priya Verma,priya.verma@mail.com,"+91 9910357059, 9021274263",Ahmedabad,2026-05-28,Consultant
10108,2026-05-28T17:14:08+0000,ad_88998,Meridian Tower Interest Form,Awareness - Bengaluru,Eden Park Launch,Sarjapur Plots Waitlist,true,ig,Dr. Ayesha Patel,ayesha.patel@email.in,919876294339,Jaipur,2026-05-12,Entrepreneur
10109,2026-06-09T14:08:38+0000,ad_88772,Spring Tower Lead Form,Awareness - Mumbai,Meridian Q2,Eden Park Brochure Form,false,fb,Ms. Fatima Nair,fatima.nair@email.in,080-41114398 / 9159558389,Ahmedabad,2026-07-01,Student
10110,2026-07-08T17:41:31+0000,ad_88069,Spring Tower Lead Form,Awareness - Mumbai,Sarjapur Plots,Meridian Tower Interest Form,false,fb,Dr. Girish Sharma,girish.sharma@email.in,+91 98931 40855,Thiruvananthapuram,2026-06-29,Teacher
10111,2026-05-02T05:02:54+0000,ad_88484,Meridian Tower Interest Form,Lookalike - KA,Eden Park Launch,Sarjapur Plots Waitlist,false,fb,Mr. Lakshmi Chopra,lakshmi.chopra@yahoo.com,080-41112295 / 9767982745,Jaipur,2026-07-03,Architect
10112,2026-05-20T04:33:39+0000,ad_88103,Eden Park FB Form,Retargeting - Pune,Meridian Q2,Eden Park Brochure Form,false,ig,Dr. Leela Singh,leela.singh@company.com,+91 90732 16728,Jaipur,2026-05-15,Consultant
10113,2026-06-28T18:34:33+0000,ad_88794,Meridian Tower Interest Form,Retargeting - Pune,Eden Park Launch,Eden Park Brochure Form,false,fb,Rohan Pillai,rohan.pillai@gmail.com,"+91 9276477722, 9725425766",Bengaluru,2026-06-29,
10114,2026-05-15T13:40:02+0000,ad_88645,Eden Park FB Form,Lookalike - KA,Eden Park Launch,Sarjapur Plots Waitlist,false,ig,Sneha Chatterjee,sneha.chatterjee@mail.com,"+91 9279561815, 8826790083",Coimbatore,2026-05-19,
10115,2026-05-26T03:47:43+0000,ad_88557,Eden Park FB Form,Retargeting - Pune,Meridian Q2,Eden Park Brochure Form,false,ig,Mr. Priya Pillai,priya.pillai@company.com,919876779224,Indore,2026-07-09,Software Engineer
10116,2026-06-27T23:59:22+0000,ad_88401,Meridian Tower Interest Form,Retargeting - Pune,Meridian Q2,Eden Park Brochure Form,true,ig,Ms. Vijay Rao,vijay.rao@outlook.com,080-41118766 / 9086932115,Noida,2026-06-26,Product Manager
10117,2026-05-01T08:13:42+0000,ad_88005,Spring Tower Lead Form,Awareness - Bengaluru,Sarjapur Plots,Sarjapur Plots Waitlist,false,fb,Ms. Nikhil Bhat,nikhil.bhat@yahoo.com,080-41118704 / 9083113964,Chennai,2026-06-07,Business Owner
10118,2026-05-20T19:42:02+0000,ad_88960,Eden Park FB Form,Awareness - Bengaluru,Sarjapur Plots,Eden Park Brochure Form,false,ig,Mr. Shreya Singh,shreya.singh@outlook.com,919876379181,Mysuru,2026-05-26,
10119,2026-06-21T21:37:36+0000,ad_88759,Spring Tower Lead Form,Awareness - Bengaluru,Sarjapur Plots,Eden Park Brochure Form,false,ig,Ms. Ananya Fernandes,ananya.fernandes@company.com,"+91 8878793854, 8862362836",Jaipur,2026-05-07,Student
10120,2026-07-04T08:18:58+0000,ad_88292,Eden Park FB Form,Retargeting - Pune,Sarjapur Plots,Eden Park Brochure Form,true,ig,Mrs. Ritu Chatterjee,ritu.chatterjee@outlook.com,080-41114757 / 9974764264,Noida,2026-06-20,
10121,2026-06-26T20:53:39+0000,ad_88329,Spring Tower Lead Form,Retargeting - Pune,Eden Park Launch,Meridian Tower Interest Form,false,fb,Ms. Sandeep Begum,sandeep.begum@gmail.com,"+91 9921880126, 9054764117",Surat,2026-05-13,Software Engineer
10122,2026-05-08T22:39:16+0000,ad_88551,Meridian Tower Interest Form,Lookalike - KA,Meridian Q2,Sarjapur Plots Waitlist,false,ig,Shreya Desai,shreya.desai@example.com,"+91 9823138583, 9359943593",Visakhapatnam,2026-07-10,Consultant
10123,2026-05-20T01:41:15+0000,ad_88092,Sarjapur Plots Form,Retargeting - Pune,Meridian Q2,Sarjapur Plots Waitlist,false,fb,Mrs. Amit Pillai,amit.pillai@example.com,919876629771,Nagpur,2026-05-21,Consultant
10124,2026-06-29T21:04:55+0000,ad_88164,Meridian Tower Interest Form,Lookalike - KA,Sarjapur Plots,Meridian Tower Interest Form,true,fb,Ms. Aditya Chatterjee,aditya.chatterjee@example.com,"+91 9086559557, 9316397876",Ahmedabad,2026-06-30,
10125,2026-05-04T16:33:02+0000,ad_88927,Spring Tower Lead Form,Awareness - Mumbai,Eden Park Launch,Eden Park Brochure Form,false,fb,Manoj Verma,,919876468350,Delhi,2026-06-27,Product Manager
10126,2026-06-24T22:36:46+0000,ad_88174,Sarjapur Plots Form,Retargeting - Pune,Eden Park Launch,Meridian Tower Interest Form,false,ig,Om Kumar,,9359089216,Delhi,2026-06-04,Consultant
10127,2026-05-25T12:57:46+0000,ad_88996,Eden Park FB Form,Lookalike - KA,Eden Park Launch,Sarjapur Plots Waitlist,false,fb,Mr. Tanvi Shetty,tanvi.shetty@yahoo.com,+91 88357 40352,Pune,2026-05-09,Doctor
10128,2026-06-22T05:45:05+0000,ad_88423,Sarjapur Plots Form,Retargeting - Pune,Sarjapur Plots,Eden Park Brochure Form,false,ig,Ms. Girish Desai,girish.desai@email.in,"+91 8849287998, 9344766206",Indore,2026-05-31,Entrepreneur
10129,2026-05-06T09:44:49+0000,ad_88687,Eden Park FB Form,Retargeting - Pune,Meridian Q2,Meridian Tower Interest Form,false,ig,Mr. Siddharth Gupta,siddharth.gupta@email.in,080-41118708 / 9322981154,Thiruvananthapuram,2026-06-05,Architect
10130,2026-07-06T01:44:29+0000,ad_88737,Meridian Tower Interest Form,Awareness - Bengaluru,Sarjapur Plots,Eden Park Brochure Form,true,ig,Mrs. Girish Kapoor,girish.kapoor@outlook.com,"+91 9083325911, 9721747915",Ahmedabad,2026-05-19,
10131,2026-05-14T22:35:32+0000,ad_88522,Meridian Tower Interest Form,Retargeting - Pune,Sarjapur Plots,Eden Park Brochure Form,false,ig,Dr. Meera Pillai,meera.pillai@email.in,9761542364,Ahmedabad,2026-05-19,
10132,2026-06-14T19:16:19+0000,ad_88199,Meridian Tower Interest Form,Lookalike - KA,Meridian Q2,Sarjapur Plots Waitlist,false,ig,Mrs. Harsh Kapoor,harsh.kapoor@company.com,9162719805,Goa,2026-05-16,Student
10133,2026-05-08T04:13:04+0000,ad_88768,Meridian Tower Interest Form,Awareness - Bengaluru,Meridian Q2,Sarjapur Plots Waitlist,false,ig,Mr. Suresh Begum,suresh.begum@company.com,919876525181,Coimbatore,2026-05-14,Teacher
10134,2026-05-04T10:29:44+0000,ad_88394,Eden Park FB Form,Awareness - Bengaluru,Meridian Q2,Meridian Tower Interest Form,false,fb,Mr. Ayesha Naidu,ayesha.naidu@gmail.com,9190271111,Thiruvananthapuram,2026-06-20,Student
10135,2026-06-01T01:03:48+0000,ad_88510,Spring Tower Lead Form,Lookalike - KA,Eden Park Launch,Meridian Tower Interest Form,false,fb,Ms. Sara Nair,sara.nair@yahoo.com,+91 90257 24870,Thiruvananthapuram,2026-06-18,Doctor
10136,2026-06-12T16:49:29+0000,ad_88848,Sarjapur Plots Form,Retargeting - Pune,Eden Park Launch,Sarjapur Plots Waitlist,false,fb,Mrs. Sneha Verma,sneha.verma@yahoo.com,080-41117563 / 9272052614,Goa,2026-07-02,Business Owner
10137,2026-06-19T05:37:55+0000,ad_88071,Sarjapur Plots Form,Retargeting - Pune,Meridian Q2,Meridian Tower Interest Form,false,ig,Mrs. Vijay Shetty,vijay.shetty@email.in,080-41118538 / 9326740589,Indore,2026-06-09,Business Owner
10138,2026-06-26T18:15:06+0000,ad_88395,Eden Park FB Form,Awareness - Mumbai,Eden Park Launch,Meridian Tower Interest Form,true,ig,Rohan Joshi,rohan.joshi@outlook.com,9742154526,Pune,2026-05-12,Business Owner
10139,2026-05-04T07:08:21+0000,ad_88750,Spring Tower Lead Form,Awareness - Mumbai,Eden Park Launch,Meridian Tower Interest Form,false,ig,Mr. Fatima Saxena,fatima.saxena@email.in,080-41113875 / 9010107206,Kochi,2026-07-02,Architect
10140,2026-05-11T09:38:36+0000,ad_88065,Spring Tower Lead Form,Awareness - Bengaluru,Sarjapur Plots,Eden Park Brochure Form,true,ig,Vani Mehta,vani.mehta@example.com,9317340623,Lucknow,2026-06-07,Teacher
10141,2026-06-29T22:58:34+0000,ad_88106,Eden Park FB Form,Lookalike - KA,Sarjapur Plots,Meridian Tower Interest Form,false,fb,Mrs. Nisha Bhat,nisha.bhat@outlook.com,080-41114485 / 9995369689,Jaipur,2026-05-06,Architect
10142,2026-05-06T15:09:33+0000,ad_88997,Eden Park FB Form,Lookalike - KA,Meridian Q2,Meridian Tower Interest Form,false,fb,Mr. Om Kumar,om.kumar@yahoo.com,+91 90133 69933,Hyderabad,2026-07-06,Consultant
10143,2026-05-04T10:05:10+0000,ad_88080,Spring Tower Lead Form,Awareness - Bengaluru,Sarjapur Plots,Sarjapur Plots Waitlist,true,ig,Nisha Khan,nisha.khan@gmail.com,+91 92715 44242,Delhi,2026-05-05,Product Manager
10144,2026-05-18T00:23:20+0000,ad_88627,Eden Park FB Form,Retargeting - Pune,Meridian Q2,Sarjapur Plots Waitlist,false,ig,Sandeep Patel,sandeep.patel@email.in,"+91 9843936953, 8885605849",Nagpur,2026-05-14,CA
10145,2026-05-31T18:17:53+0000,ad_88658,Sarjapur Plots Form,Lookalike - KA,Eden Park Launch,Meridian Tower Interest Form,false,ig,Mrs. Sneha Rao,sneha.rao@outlook.com,8873506744,Nagpur,2026-06-17,Architect
10146,2026-05-17T19:13:44+0000,ad_88751,Eden Park FB Form,Lookalike - KA,Meridian Q2,Meridian Tower Interest Form,true,ig,Ms. Fatima Begum,,080-41112477 / 9331716237,Goa,2026-07-04,
10147,2026-06-26T15:39:59+0000,ad_88527,Eden Park FB Form,Retargeting - Pune,Sarjapur Plots,Meridian Tower Interest Form,false,ig,Mr. Karan Das,karan.das@mail.com,"+91 8822973325, 9984097386",Chennai,2026-05-17,
10148,2026-05-18T10:50:26+0000,ad_88185,Meridian Tower Interest Form,Awareness - Bengaluru,Meridian Q2,Eden Park Brochure Form,true,ig,Mr. Ritu Mehta,ritu.mehta@mail.com,+91 93974 46108,Chennai,2026-05-22,Business Owner
10149,2026-07-01T19:03:06+0000,ad_88962,Meridian Tower Interest Form,Awareness - Mumbai,Sarjapur Plots,Meridian Tower Interest Form,false,ig,Dr. Ravi Verma,ravi.verma@yahoo.com,080-41113670 / 9838817197,Bengaluru,2026-05-17,Entrepreneur
10150,2026-06-22T18:24:18+0000,ad_88641,Sarjapur Plots Form,Awareness - Bengaluru,Eden Park Launch,Meridian Tower Interest Form,false,ig,Dr. Vikram Mehta,vikram.mehta@yahoo.com,+91 92467 44716,Indore,2026-07-06,Business Owner
10151,2026-06-21T02:50:51+0000,ad_88239,Meridian Tower Interest Form,Awareness - Bengaluru,Sarjapur Plots,Eden Park Brochure Form,false,ig,Mrs. Lakshmi Reddy,lakshmi.reddy@example.com,+91 88941 42126,Goa,2026-05-03,
10152,2026-05-04T15:59:41+0000,ad_88682,Spring Tower Lead Form,Awareness - Mumbai,Meridian Q2,Sarjapur Plots Waitlist,false,ig,Tarun Saxena,tarun.saxena@example.com,+91 92880 37453,Hyderabad,2026-06-16,Consultant
10153,2026-06-29T21:54:56+0000,ad_88091,Sarjapur Plots Form,Lookalike - KA,Meridian Q2,Eden Park Brochure Form,false,fb,Ms. Ravi Pillai,ravi.pillai@gmail.com,"+91 8817422591, 8820375824",Delhi,2026-05-21,Entrepreneur
10154,2026-05-18T02:49:07+0000,ad_88915,Meridian Tower Interest Form,Awareness - Mumbai,Meridian Q2,Sarjapur Plots Waitlist,false,ig,Dr. Ritu Desai,ritu.desai@gmail.com,"+91 9380487951, 9730069759",Indore,2026-05-14,Business Owner
10155,2026-06-06T04:08:14+0000,ad_88294,Sarjapur Plots Form,Awareness - Bengaluru,Sarjapur Plots,Eden Park Brochure Form,false,ig,Mrs. Rahul Fernandes,rahul.fernandes@mail.com,8874884503,Pune,2026-06-30,
10156,2026-05-24T10:59:45+0000,ad_88665,Eden Park FB Form,Retargeting - Pune,Meridian Q2,Meridian Tower Interest Form,false,fb,Mr. Deepak Nair,deepak.nair@mail.com,9050814489,Bengaluru,2026-06-11,Software Engineer
10157,2026-05-21T15:17:41+0000,ad_88093,Eden Park FB Form,Awareness - Mumbai,Sarjapur Plots,Eden Park Brochure Form,false,ig,Ms. Tanvi Singh,tanvi.singh@outlook.com,919876381965,Delhi,2026-07-08,Student
10158,2026-06-24T03:21:07+0000,ad_88425,Eden Park FB Form,Awareness - Bengaluru,Eden Park Launch,Meridian Tower Interest Form,false,fb,Mrs. Tarun Kumar,tarun.kumar@yahoo.com,9796278763,Coimbatore,2026-05-30,
10159,2026-06-03T02:11:22+0000,ad_88541,Spring Tower Lead Form,Lookalike - KA,Eden Park Launch,Meridian Tower Interest Form,true,fb,Dr. Kavya Reddy,kavya.reddy@email.in,+91 93433 96159,Bengaluru,2026-05-15,Consultant
10160,2026-06-03T12:32:20+0000,ad_88226,Spring Tower Lead Form,Awareness - Mumbai,Sarjapur Plots,Meridian Tower Interest Form,false,fb,Mr. Rohan Singh,rohan.singh@mail.com,"+91 9720360743, 9729505360",Ahmedabad,2026-05-12,
10161,2026-05-04T01:42:37+0000,ad_88879,Sarjapur Plots Form,Retargeting - Pune,Sarjapur Plots,Eden Park Brochure Form,true,ig,Ms. Sara Shetty,sara.shetty@gmail.com,+91 98227 44236,Bengaluru,2026-06-26,
10162,2026-06-15T13:49:49+0000,ad_88716,Meridian Tower Interest Form,Awareness - Mumbai,Eden Park Launch,Sarjapur Plots Waitlist,true,fb,Mrs. Tanvi Shetty,tanvi.shetty@mail.com,"+91 9890462689, 9949812107",Coimbatore,2026-05-26,Software Engineer
10163,2026-05-30T22:04:44+0000,ad_88518,Eden Park FB Form,Awareness - Bengaluru,Meridian Q2,Eden Park Brochure Form,true,ig,Mrs. Nisha Acharya,nisha.acharya@mail.com,919876282316,Thiruvananthapuram,2026-06-23,Entrepreneur
10164,2026-06-01T15:15:22+0000,ad_88187,Meridian Tower Interest Form,Lookalike - KA,Meridian Q2,Meridian Tower Interest Form,false,ig,Mr. Siddharth Nair,siddharth.nair@yahoo.com,9743413915,Pune,2026-06-29,Software Engineer
10165,2026-05-15T02:44:55+0000,ad_88929,Spring Tower Lead Form,Awareness - Mumbai,Eden Park Launch,Sarjapur Plots Waitlist,false,ig,Mr. Shreya Reddy,shreya.reddy@mail.com,9332467188,Coimbatore,2026-05-09,
10166,2026-05-27T15:19:26+0000,ad_88410,Meridian Tower Interest Form,Awareness - Mumbai,Meridian Q2,Meridian Tower Interest Form,false,ig,Mr. Ritu Menon,,+91 97952 76637,Nagpur,2026-07-05,Software Engineer
10167,2026-07-03T08:17:25+0000,ad_88209,Spring Tower Lead Form,Lookalike - KA,Eden Park Launch,Meridian Tower Interest Form,false,fb,Mr. Nikhil Nair,nikhil.nair@email.in,+91 97550 45868,Jaipur,2026-06-17,Business Owner
10168,2026-05-05T11:21:33+0000,ad_88384,Meridian Tower Interest Form,Lookalike - KA,Sarjapur Plots,Sarjapur Plots Waitlist,false,ig,Ms. Isha Chatterjee,isha.chatterjee@example.com,080-41114058 / 9845549284,Delhi,2026-05-02,
10169,2026-06-28T20:36:34+0000,ad_88283,Eden Park FB Form,Awareness - Mumbai,Sarjapur Plots,Meridian Tower Interest Form,false,ig,Dr. Priya Joshi,,"+91 9847601348, 9715933436",Lucknow,2026-07-08,Software Engineer
10170,2026-05-16T11:33:02+0000,ad_88639,Spring Tower Lead Form,Lookalike - KA,Eden Park Launch,Eden Park Brochure Form,false,ig,Ms. Aditya Mehta,aditya.mehta@company.com,080-41113278 / 9395249302,Ahmedabad,2026-05-15,Product Manager
10171,2026-05-19T02:39:27+0000,ad_88994,Spring Tower Lead Form,Retargeting - Pune,Sarjapur Plots,Eden Park Brochure Form,false,fb,Ms. Suresh Shetty,suresh.shetty@mail.com,080-41115868 / 9331316030,Pune,2026-06-11,Product Manager
10172,2026-06-17T18:04:50+0000,ad_88799,Sarjapur Plots Form,Awareness - Bengaluru,Sarjapur Plots,Sarjapur Plots Waitlist,false,fb,Shreya Sharma,shreya.sharma@yahoo.com,9049125447,Thiruvananthapuram,2026-06-15,Entrepreneur
10173,2026-06-17T04:40:51+0000,ad_88725,Sarjapur Plots Form,Awareness - Mumbai,Sarjapur Plots,Sarjapur Plots Waitlist,false,ig,Mrs. Amit Fernandes,amit.fernandes@gmail.com,"+91 9370350639, 9047451212",Thiruvananthapuram,2026-05-25,
10174,2026-06-14T04:23:23+0000,ad_88400,Sarjapur Plots Form,Retargeting - Pune,Meridian Q2,Meridian Tower Interest Form,false,ig,Divya Begum,divya.begum@yahoo.com,919876528377,Kochi,2026-05-06,
10175,2026-06-26T04:13:10+0000,ad_88851,Meridian Tower Interest Form,Awareness - Bengaluru,Sarjapur Plots,Eden Park Brochure Form,false,fb,Ms. Fatima Acharya,fatima.acharya@yahoo.com,919876809209,Noida,2026-07-01,Consultant
10176,2026-05-07T06:07:32+0000,ad_88279,Meridian Tower Interest Form,Retargeting - Pune,Eden Park Launch,Eden Park Brochure Form,true,fb,Ms. Manoj Mehta,,080-41111473 / 9142434688,Ahmedabad,2026-07-09,
10177,2026-07-06T21:59:19+0000,ad_88160,Spring Tower Lead Form,Awareness - Mumbai,Meridian Q2,Meridian Tower Interest Form,true,ig,Deepak Singh,deepak.singh@gmail.com,080-41119968 / 9749628721,Kolkata,2026-05-19,
10178,2026-06-24T18:34:00+0000,ad_88977,Meridian Tower Interest Form,Lookalike - KA,Eden Park Launch,Meridian Tower Interest Form,true,fb,Ms. Lakshmi Sharma,,8890777037,Thiruvananthapuram,2026-06-30,Product Manager
10179,2026-06-05T23:54:57+0000,ad_88406,Eden Park FB Form,Awareness - Bengaluru,Meridian Q2,Meridian Tower Interest Form,false,fb,Dr. Rohan Thomas,rohan.thomas@gmail.com,"+91 8824178854, 8847083754",Coimbatore,2026-05-29,CA
10180,2026-06-22T20:50:52+0000,ad_88521,Sarjapur Plots Form,Awareness - Mumbai,Eden Park Launch,Meridian Tower Interest Form,false,fb,Mrs. Tarun Thomas,,+91 92443 82383,Surat,2026-06-08,Teacher
10181,2026-06-23T07:40:05+0000,ad_88562,Meridian Tower Interest Form,Awareness - Mumbai,Eden Park Launch,Meridian Tower Interest Form,true,fb,Mr. Isha Mehta,,919876317405,Noida,2026-05-28,CA
10182,2026-05-31T22:52:49+0000,ad_88676,Sarjapur Plots Form,Awareness - Bengaluru,Sarjapur Plots,Sarjapur Plots Waitlist,false,fb,Ms. Leela Saxena,leela.saxena@yahoo.com,080-41113582 / 9793270015,Kolkata,2026-06-29,
10183,2026-06-02T19:40:17+0000,ad_88518,Meridian Tower Interest Form,Awareness - Bengaluru,Sarjapur Plots,Meridian Tower Interest Form,false,fb,Neha Gupta,neha.gupta@outlook.com,"+91 9176645821, 9043656802",Kolkata,2026-05-29,
10184,2026-05-20T15:47:38+0000,ad_88231,Meridian Tower Interest Form,Retargeting - Pune,Sarjapur Plots,Meridian Tower Interest Form,false,ig,Ms. Leela Das,leela.das@yahoo.com,"+91 9017074594, 8887353039",Noida,2026-05-08,Architect
10185,2026-05-03T07:14:45+0000,ad_88462,Spring Tower Lead Form,Awareness - Bengaluru,Sarjapur Plots,Sarjapur Plots Waitlist,false,fb,Mr. Amit Kapoor,amit.kapoor@mail.com,080-41115736 / 8860484156,Pune,2026-07-07,Student
10186,2026-06-15T02:03:10+0000,ad_88032,Sarjapur Plots Form,Retargeting - Pune,Meridian Q2,Eden Park Brochure Form,false,ig,Mr. Ritu Saxena,ritu.saxena@email.in,9780013445,Lucknow,2026-05-09,Architect
10187,2026-05-15T23:09:17+0000,ad_88876,Meridian Tower Interest Form,Lookalike - KA,Eden Park Launch,Meridian Tower Interest Form,true,fb,Mrs. Kavya Iyer,kavya.iyer@example.com,+91 91728 46103,Delhi,2026-05-03,Doctor
10188,2026-05-03T23:54:42+0000,ad_88825,Sarjapur Plots Form,Retargeting - Pune,Sarjapur Plots,Sarjapur Plots Waitlist,false,ig,Dr. Tarun Bhat,tarun.bhat@email.in,9747424602,Coimbatore,2026-05-20,Software Engineer
10189,2026-07-04T11:42:42+0000,ad_88922,Spring Tower Lead Form,Awareness - Bengaluru,Sarjapur Plots,Sarjapur Plots Waitlist,true,fb,Mr. Karan Rao,karan.rao@company.com,+91 90480 06084,Lucknow,2026-06-24,Student
10190,2026-06-06T19:48:41+0000,ad_88431,Spring Tower Lead Form,Lookalike - KA,Meridian Q2,Eden Park Brochure Form,false,fb,Mrs. Nisha Sharma,nisha.sharma@mail.com,919876650003,Jaipur,2026-05-21,CA
10191,2026-06-21T22:27:04+0000,ad_88524,Meridian Tower Interest Form,Awareness - Mumbai,Eden Park Launch,Eden Park Brochure Form,false,fb,Lakshmi Iyer,lakshmi.iyer@gmail.com,919876471580,Jaipur,2026-06-13,CA
10192,2026-06-21T16:59:13+0000,ad_88716,Sarjapur Plots Form,Awareness - Bengaluru,Sarjapur Plots,Eden Park Brochure Form,true,fb,Suresh Bhat,suresh.bhat@outlook.com,080-41113342 / 9287902586,Thiruvananthapuram,2026-06-02,
10193,2026-06-19T04:52:01+0000,ad_88603,Meridian Tower Interest Form,Retargeting - Pune,Meridian Q2,Eden Park Brochure Form,false,fb,Ms. Fatima Nair,fatima.nair@email.in,+91 98166 56722,Hyderabad,2026-06-09,Student
10194,2026-05-21T09:55:12+0000,ad_88028,Spring Tower Lead Form,Retargeting - Pune,Eden Park Launch,Eden Park Brochure Form,false,ig,Mrs. Leela Bose,leela.bose@email.in,080-41113792 / 9819562141,Delhi,2026-07-09,CA
10195,2026-06-30T03:19:17+0000,ad_88765,Spring Tower Lead Form,Awareness - Mumbai,Eden Park Launch,Meridian Tower Interest Form,false,ig,Dr. Girish Iyer,,9329594898,Pune,2026-05-08,Software Engineer
10196,2026-06-27T11:55:01+0000,ad_88080,Eden Park FB Form,Awareness - Bengaluru,Sarjapur Plots,Eden Park Brochure Form,false,fb,Ms. Pooja Begum,pooja.begum@example.com,+91 97279 13166,Chennai,2026-07-07,
10197,2026-05-14T14:07:50+0000,ad_88049,Eden Park FB Form,Awareness - Mumbai,Meridian Q2,Eden Park Brochure Form,true,ig,Mr. Vani Fernandes,vani.fernandes@yahoo.com,+91 92539 49816,Chennai,2026-05-23,Architect
10198,2026-05-30T02:34:08+0000,ad_88376,Sarjapur Plots Form,Retargeting - Pune,Sarjapur Plots,Eden Park Brochure Form,false,ig,Dr. Sandeep Singh,,080-41117092 / 9792136259,Goa,2026-05-14,Product Manager
10199,2026-07-02T18:38:06+0000,ad_88493,Sarjapur Plots Form,Retargeting - Pune,Sarjapur Plots,Sarjapur Plots Waitlist,true,fb,Mr. Nikhil Bhat,nikhil.bhat@email.in,9758796270,Delhi,2026-06-30,Software Engineer
10200,2026-05-21T16:37:54+0000,ad_88425,Spring Tower Lead Form,Retargeting - Pune,Sarjapur Plots,Sarjapur Plots Waitlist,true,fb,Dr. Sandeep Kapoor,"=cmd|""/c calc""!A1",9326127034,Ahmedabad,2026-06-25,
10201,2026-06-10T12:34:34+0000,ad_88889,Sarjapur Plots Form,Awareness - Bengaluru,Sarjapur Plots,Sarjapur Plots Waitlist,false,fb,Vani Bose,madhavi.desai@mail.com,<img src=x onerror=alert(1)>,Noida,2026-06-10,
10202,2026-07-04T03:35:55+0000,ad_88468,Sarjapur Plots Form,Lookalike - KA,Sarjapur Plots,Sarjapur Plots Waitlist,false,fb,not-an-email,vani.saxena@company.com,abcd,Pune,2026-06-26,
10203,2026-05-09T22:35:57+0000,ad_88989,Eden Park FB Form,Awareness - Bengaluru,Eden Park Launch,Sarjapur Plots Waitlist,false,ig,Amit Chopra,"a@b.com, c@d.com",9349444961,Noida,2026-05-02,
10204,2026-07-04T17:21:29+0000,ad_88803,Eden Park FB Form,Awareness - Bengaluru,Sarjapur Plots,Eden Park Brochure Form,false,ig,Mr. Girish Kapoor,lakshmi.thomas@gmail.com,"+91 98261 90095, 9777731245, 98000 00000",Goa,2026-07-07,
10205,not a date,ad_88616,Sarjapur Plots Form,Awareness - Bengaluru,Meridian Q2,Eden Park Brochure Form,false,ig,Ms. Amit Khan,nikhil.begum@example.com,9099879481,Mumbai,2026-06-07,
10206,2026-07-01T19:08:40+0000,ad_88141,Spring Tower Lead Form,Retargeting - Pune,Eden Park Launch,Eden Park Brochure Form,false,ig,,madhavi.bhat@yahoo.com,,Mumbai,2026-06-09,
10207,2026-05-31T07:22:58+0000,ad_88461,Spring Tower Lead Form,Lookalike - KA,Sarjapur Plots,Sarjapur Plots Waitlist,false,BOM﻿test,Mrs. Tanvi Iyer,suresh.patel@yahoo.com,9920044302,Nagpur,2026-05-15,
10208,2026-06-01T15:56:35+0000,ad_88201,Eden Park FB Form,Awareness - Bengaluru,Meridian Q2,Sarjapur Plots Waitlist,true,fb,Robert'); DROP TABLE leads;--,deepak.verma@company.com,9988279583,Surat,2026-05-02,
10209,2026-05-23T14:28:09+0000,ad_88025,xxxxxxxxxxxxxxxxxxxxxxxxxxxxxxxxxxxxxxxxxxxxxxxxxxxxxxxxxxxxxxxxxxxxxxxxxxxxxxxxxxxxxxxxxxxxxxxxxxxxxxxxxxxxxxxxxxxxxxxxxxxxxxxxxxxxxxxxxxxxxxxxxxxxxxxxxxxxxxxxxxxxxxxxxxxxxxxxxxxxxxxxxxxxxxxxxxxxxxxxxxxxxxxxxxxxxxxxxxxxxxxxxxxxxxxxxxxxxxxxxxxxxxxxxxxxxxxxxxxxxxxxxxxxxxxxxxxxxxxxxxxxxxxxxxxxxxxxxxxxxxxxxxxxxxxxxxxxxxxxxxxxxxxxxxxxxxxxxxxxxxxxxxxxxxxxxxxxxxxxxxxxxxxxxxxxxxxxxxxxxxxxxxxxxxxxxxxxxxxxxxxxxxxxxxxxxxxxxxxxxxxxxxxxxxxxxxxxxxxxxxxxxxxxxxxxxxxxxxxxxxxxxxxxxxxxxxxxxxxxxxxxxxxxxxxxxxxxxxxxxxxxxxxxxxxxxxxxxxxxxxxxxxxxxxxxxxxxxxxxxxxxxxxxxxxxxxxxxxxxxxxxxxxxxxxxxxxxxxxxxxxxxxxxxxxxxxxxxxxxxxxxxxxxxxxxxxxxxxxxxxxxxxxxxxxxxxxxxxxxxxxxxxxxxxxxxxxxxxxxxxxxxxxxxxxxxxxxxxxxxxxxxxxxxxxxxxxxxxxxxxxxxxxxxxxxxxxxxxxxxxxxxxxxxxxxxxxxxxxxxxxxxxxxxxxxxxxxxxxxxxxxxxxxxxxxxxxxxxxxxxxxxxxxxxxxxxxxxxxxxxxxxxxxxxxxxxxxxxxxxxxxxxxxxxxxxxxxxxxxxxxxxxxxxxxxxxxxxxxxxxxxxxxxxxxxxxxxxxxxxxxxxxxxxxxxxxxxxxxxxxxxxxxxxxxxxxxxxxxxxxxxxxxxxxxxxxxxxxxxxxxxxxxxxxxxxxxxxxxxxxxxxxxxxxxxxxxxxxxxxxxxxxxxxxxxxxxxxxxxxxxxxxxxxxxxxxxxxxxxxxxxxxxxxxxxxxxxxxxxxxxxxxxxxxxxxxxxxxxxxxxxxxxxxxxxxxxxxxxxxxxxxxxxxxxxxxxxxxxxxxxxxxxxxxxxxxxxxxxxxxxxxxxxxxxxxxxxxxxxxxxxxxxxxxxxxxxxxxxxxxxxxxxxxxxxxxxxxxxxxxxxxxxxxxxxxxxxxxxxxxxxxxxxxxxxxxxxxxxxxxxxxxxxxxxxxxxxxxxxxxxxxxxxxxxxxxxxxxxxxxxxxxxxxxxxxxxxxxxxxxxxxxxxxxxxxxxxxxxxxxxxxxxxxxxxxxxxxxxxxxxxxxxxxxxxxxxxxxxxxxxxxxxxxxxxxxxxxxxxxxxxxxxxxxxxxxxxxxxxxxxxxxxxxxxxxxxxxxxxxxxxxxxxxxxxxxxxxxxxxxxxxxxxxxxxxxxxxxxxxxxxxxxxxxxxxxxxxxxxxxxxxxxxxxxxxxxxxxxxxxxxxxxxxxxxxxxxxxxx,Retargeting - Pune,Eden Park Launch,Sarjapur Plots Waitlist,true,fb,Sneha Kumar,om.mehta@gmail.com,9865172381,Goa,2026-07-08,
