Lead Date,Client Name,Contact Email,Mobile No.,Alt Phone,Company / Org,Location City,State/UT,Country,Assigned To,Status (internal),Remarks / Notes,Project Interest,Possession,Extra Info / Comments
2026/01/24,Priya & Pooja,priya.pooja@mail.com,9093399052,080-6129-3228,Varah Swamy Estates,Surat,,IN,Frank,hot lead / good,Tried twice - busy,,2026,
Mar 3 2026,Rahul & Aditya,,9947141655,080-5791-7109,Acme Realty,Visakhapatnam,RJ,IN,Frank,hot lead / good,Prefers weekend calls only,Sarjapur Plots Phase 2,,
14/04/2026,Rohan & Nikhil,,,080-6504-1166,Self,Lucknow,TG,IN,Eve,closed won,Comparing with competitor project,Meridian Tower,,Budget 1.2 Cr
18/02/2026,Priya & Fatima,priya.fatima@mail.com; priya.fatima@email.in,9042712369,080-1154-5304,Meridian Builders,Pune,TG,,test@gmail.com,site visit done,Comparing with competitor project,Sarjapur Plots,Q3 2026,
01/02/2026,Nisha & Suresh,,9155462093,080-2087-7745,Blue Ocean Properties,Delhi,UP,,Eve,site visit done,Needs loan assistance,,Ready to move,
26-Jan-2026,Karthik & Neha,karthik.neha@mail.com,9124938594,,,Bengaluru,Maharashtra,India,Grace,site visit done,Budget 1.2 Cr,Meridian Tower,Immediate possession,
2026/01/10,Ayesha & Vani,ayesha.vani@example.com,9858917238,080-9930-8922,Meridian Builders,Noida,Kerala,India,Grace,site visit done,Budget 1.2 Cr,Meridian Tower - 3BHK,,
24-Jan-2026,Karan & Tarun,karan.tarun@yahoo.com,,,Begum Holdings,Surat,Karnataka,,Grace,hot lead / good,Sale done - booking amount received,Meridian Tower,,
2026/02/14,Nikhil & Ananya,nikhil.ananya@yahoo.com; nikhil.ananya@outlook.com,,080-9069-8791,,Jaipur,Madhya Pradesh,,test@gmail.com,site visit done,Tried twice - busy,Skyline Heights,,
2026/03/08,Ms. Ayesha Gupta,ayesha.gupta@company.com,9065476712,080-2292-3281,Patel Enterprises,Kolkata,GJ,IN,Bob,follow up soon,Prefers weekend calls only,,Immediate possession,
2026/04/07,Ms. Ravi Begum,,9035476646,080-4588-5177,,Pune,,IN,Bob,hot lead / good,Wife is primary decision maker - call after 7pm,,Dec 2025,
2026/03/13,Lakshmi & Divya,lakshmi.divya@email.in,8878295747,,,Noida,Kerala,,Dave,site visit done,Needs loan assistance,Varah Swamy Residency,,
Mar 10 2026,Ravi & Deepak,ravi.deepak@outlook.com; ravi.deepak@outlook.com,,,Startup Inc,Bengaluru,MH,IN,Eve,hot lead / good,Prefers weekend calls only,Blue Ocean Residency,,
07/05/2026,Divya & Neha,divya.neha@company.com,9846049948 / 080-7085-8510,080-7165-9682,Blue Ocean Properties,Noida,GJ,IN,Dave,follow up soon,Prefers weekend calls only,Sarjapur Plots Phase 2,,Walk-in
Feb 21 2026,Ms. Ravi Kumar,,9844713568 / 080-3831-8273,080-8102-6162,Eden Park Group,Noida,MH,IN,Alice,did not connect,Budget 1.2 Cr,Meridian Tower,,
03-Apr-2026,Rahul & Ravi,rahul.ravi@mail.com,,,GrowEasy,Indore,Kerala,IN,Alice,site visit done,Wife is primary decision maker - call after 7pm,,Dec 2025,
10/05/2026,Aditya & Aditya,aditya.aditya@mail.com,9967182348 / 080-3139-5873 / 9341745638,080-2900-2208,Unknown,Chennai,,India,Eve,closed won,Needs loan assistance,,,Expat returning to India
Jan 10 2026,Sneha & Vijay,sneha.vijay@example.com,,080-6230-3143,Tech Solutions,Delhi,,India,Grace,cold,Comparing with competitor project,,Q3 2026,
May 1 2026,Amit & Shreya,amit.shreya@example.com; amit.shreya@company.com,8871508562 / 080-9547-7084,080-5595-3153,Horizon Homes,Surat,Gujarat,India,Alice,follow up soon,Plot #42 earmarked,,,
25/01/2026,Siddharth & Siddharth,siddharth.siddharth@mail.com,,080-6817-8881,,Visakhapatnam,Telangana,India,Carol,follow up soon,Needs loan assistance,Sarjapur Plots,Q3 2026,
03-May-2026,Ms. Amit Bose,amit.bose@mail.com,9056362828 / 080-2766-6570,,,Mumbai,KA,India,Alice,follow up soon,Sale done - booking amount received,Sarjapur Plots,,
13-Jan-2026,Deepak & Neha,deepak.neha@mail.com,,,Startup Inc,Lucknow,,India,Carol,did not connect,Budget 1.2 Cr,,,
Apr 25 2026,Meera & Vikram,meera.vikram@email.in,9334088912 / 080-9182-8177,080-5605-5084,,Chennai,,India,Eve,cold,Wife is primary decision maker - call after 7pm,Sarjapur Plots Phase 2,,Budget 1.2 Cr
17-Apr-2026,Karthik & Divya,,9355077207 / 9116155686,080-3759-3382,Begum Holdings,Ahmedabad,WB,India,Frank,cold,Comparing with competitor project,,Immediate possession,
May 21 2026,Ms. Nikhil Sharma,,9861553881,,Meridian Builders,Lucknow,,India,test@gmail.com,follow up soon,Wants site visit this weekend,,,Walk-in
May 1 2026,Divya & Neha,,9112439081 / 080-3707-7628 / 9892443007,,Unknown,Noida,GJ,IN,Dave,follow up soon,Comparing with competitor project,Varah Swamy Residency,Dec 2025,Walk-in
23/03/2026,Vani & Vijay,vani.vijay@company.com,8829409751 / 080-4680-7323,080-3529-1935,Sarjapur Plots,Nagpur,,India,test@gmail.com,cold,Wife is primary decision maker - call after 7pm,Eden Park Villa,,Referral customer
15-Apr-2026,Isha & Siddharth,isha.siddharth@company.com,9127947142,,Acme Realty,Chennai,TG,,Frank,cold,Came via referral from existing customer,Meridian Tower,Dec 2025,Budget 1.2 Cr
Feb 17 2026,Ms. Pooja Begum,pooja.begum@yahoo.com,,,,Lucknow,,,Bob,closed won,Prefers weekend calls only,Varah Swamy Residency,,Expat returning to India
2026/02/18,Sandeep & Ravi,,9856849122 / 080-2232-3966,080-6868-4147,Patel Enterprises,Mysuru,GJ,India,Frank,did not connect,Prefers weekend calls only,,,Expat returning to India
12-Mar-2026,Ms. Om Patel,om.patel@email.in,9250745848,,Singh Developers,Goa,Tamil Nadu,IN,Eve,closed won,Budget 1.2 Cr,Skyline Heights,,
15/05/2026,Ms. Nisha Acharya,nisha.acharya@yahoo.com,9318452338,,Meridian Builders,Kolkata,Kerala,IN,test@gmail.com,hot lead / good,Tried twice - busy,Skyline Heights,Immediate,
2026/04/25,Ms. Priya Thomas,priya.thomas@example.com,9067725918 / 9128856486,080-6569-1807,,Visakhapatnam,,,Carol,closed won,Plot #42 earmarked,,,
Mar 27 2026,Isha & Meera,isha.meera@example.com,9789810794,,,Pune,KA,IN,test@gmail.com,site visit done,Wife is primary decision maker - call after 7pm,Meridian Tower,Q3 2026,
04/02/2026,Ms. Rahul Desai,rahul.desai@example.com,9240392310 / 9118155699,,Skyline Infra,Noida,Karnataka,India,Alice,new,Plot #42 earmarked,Meridian Tower,,
2026/05/23,Manoj & Ananya,manoj.ananya@mail.com,9152234244,080-4126-9844,,Mumbai,MP,India,Alice,new,Plot #42 earmarked,Meridian Tower - 3BHK,,
15/01/2026,Ms. Rohan Iyer,,9134115123,,Enterprise Corp,Surat,Gujarat,,Alice,new,Wife is primary decision maker - call after 7pm,Varah Swamy Residency,,
12-Apr-2026,Ms. Tanvi Shetty,tanvi.shetty@outlook.com,9368207721 / 080-6651-3573,080-3246-9580,,Mysuru,GJ,India,Bob,site visit done,Plot #42 earmarked,Meridian Tower,2026,
06/02/2026,Ms. Manoj Bhat,manoj.bhat@gmail.com,9340961752 / 080-2072-8357 / 9022302850,,Startup Inc,Jaipur,WB,IN,Carol,hot lead / good,Needs loan assistance,Eden Park,2027,Budget 1.2 Cr
Feb 16 2026,Madhavi & Vani,madhavi.vani@yahoo.com; madhavi.vani@email.in,9038500943 / 9921515542,080-1554-8784,Blue Ocean Properties,Ahmedabad,TN,,Bob,follow up soon,Tried twice - busy,Meridian Tower - 3BHK,,Referral customer
23-Mar-2026,Vijay & Isha,vijay.isha@yahoo.com,9932299796,080-7787-9755,GrowEasy,Ahmedabad,TN,India,test@gmail.com,follow up soon,Wants site visit this weekend,,Immediate possession,Investor - buying 2 units
09-Mar-2026,Ms. Tarun Bose,,,,,Pune,Maharashtra,India,Eve,follow up soon,Comparing with competitor project,Skyline Heights,Immediate,Referral customer
2026/02/12,Neha & Karthik,neha.karthik@gmail.com,9218004606 / 080-6919-9444,,,Kochi,UP,India,Alice,site visit done,Prefers weekend calls only,Sarjapur Plots,Q3 2026,
2026/05/07,Ritu & Leela,ritu.leela@mail.com,,080-7340-4989,Verma Tech LLP,Kochi,Madhya Pradesh,India,Eve,follow up soon,Sale done - booking amount received,,Q3 2026,Budget 1.2 Cr
Apr 28 2026,Ritu & Vani,,9918857451 / 080-2954-1064,,Singh Developers,Nagpur,MP,India,Dave,site visit done,Plot #42 earmarked,,2026,
May 27 2026,Nisha & Sneha,nisha.sneha@gmail.com,9740716106 / 080-8111-7084,080-2760-9421,Startup Inc,Hyderabad,GJ,India,Frank,site visit done,Budget 1.2 Cr,Sarjapur Plots Phase 2,Dec 2025,Investor - buying 2 units
2026/01/24,Priya & Ananya,priya.ananya@company.com,9360950968 / 080-2490-3034 / 9861301037,080-4254-6519,,Indore,Kerala,India,Frank,follow up soon,Wants site visit this weekend,,Q3 2026,Expat returning to India
2026/01/15,Aditya & Deepak,,8870250630 / 8857697007,080-4995-8564,Eden Park Group,Noida,Karnataka,IN,Grace,hot lead / good,Wants site visit this weekend,,Ready to move,
2026/02/06,Ms. Girish Chopra,,,080-3742-4862,Blue Ocean Properties,Coimbatore,GJ,IN,Alice,cold,Came via referral from existing customer,,2026,Investor - buying 2 units
Apr 5 2026,Karan & Neha,,9814330733 / 080-6437-9698,080-8068-3598,,Visakhapatnam,Telangana,IN,Eve,cold,Prefers weekend calls only,Skyline Heights,Dec 2025,Expat returning to India
May 9 2026,Om & Tanvi,"=cmd|""/c calc""!A1",9113584980,,Sarjapur Plots,Hyderabad,Telangana,IN,Carol,closed won,Tried twice - busy,Eden Park,2027,
2026/01/20,<svg/onload=alert(1)>,ayesha.begum@company.com,9284521940,,Patel Enterprises,Kochi,Uttar Pradesh,India,Eve,new,Tried twice - busy,Blue Ocean Residency,Q3 2026,Referral customer
24-May-2026,Divya & Siddharth,not-an-email,abcd,,Horizon Homes,Surat,Maharashtra,IN,Dave,new,Wants site visit,,,Referral customer
32/13/2026,Isha & Amit,sara.kumar@mail.com,9926125079,,,Indore,Kerala,India,Alice,follow up soon,Came via referral,,Q3 2026,
15/05/2026,Karthik & Rohan,,,,,Coimbatore,Rajasthan,India,Grace,hot lead / good,Came via referral,Eden Park Villa,Immediate,Referral customer
2026/05/05,Vikram &,foo@@bar,9843769300,,Eden Park Group,Visakhapatnam,Maharashtra,IN,Carol,hot lead / good,Tried twice - busy,Skyline Heights,Q3 2026,Referral customer
24-Feb-2026,Nikhil & Ravi,madhavi.nair@outlook.com,9011876892,,,Coimbatore,Maharashtra,India,Frank,HOT,Came via referral,,,
25-Feb-2026,Nisha & Manoj,a@b.com; c@d.com,9739991557 / 9089358433,080-2072-2603,Blue Ocean Properties,Kolkata,Tamil Nadu,India,Carol,closed won,Came via referral,,2026,
Mar 16 2026,null byte,sneha.bhat@gmail.com,8851518191,080-7804-2758,,Kolkata,Delhi,India,Grace,follow up soon,Wants site visit,Meridian Tower - 3BHK,,Referral customer
11-Feb-2026,Girish & Arjun,nikhil.menon@mail.com,9846903183,080-4827-5141,,xxxxxxxxxxxxxxxxxxxxxxxxxxxxxxxxxxxxxxxxxxxxxxxxxxxxxxxxxxxxxxxxxxxxxxxxxxxxxxxxxxxxxxxxxxxxxxxxxxxxxxxxxxxxxxxxxxxxxxxxxxxxxxxxxxxxxxxxxxxxxxxxxxxxxxxxxxxxxxxxxxxxxxxxxxxxxxxxxxxxxxxxxxxxxxxxxxxxxxxxxxxxxxxxxxxxxxxxxxxxxxxxxxxxxxxxxxxxxxxxxxxxxxxxxxxxxxxxxxxxxxxxxxxxxxxxxxxxxxxxxxxxxxxxxxxxxxxxxxxxxxxxxxxxxxxxxxxxxxxxxxxxxxxxxxxxxxxxxxxxxxxxxxxxxxxxxxxxxxxxxxxxxxxxxxxxxxxxxxxxxxxxxxxxxxxxxxxxxxxxxxxxxxxxxxxxxxxxxxxxxxxxxxxxxxxxxxxxxxxxxxxxxxxxxxxxxxxxxxxxxxxxxxxxxxxxxxxxxxxxxxxxxxxxxxxxxxxxxxxxxxxxxxxxxxxxxxxxxxxxxxxxxxxxxxxxxxxxxxxxxxxxxxxxxxxxxxxxxxxxxxxxxxxxxxxxxxxxxxxxxxxxxxxxxxxxxxxxxxxxxxxxxxxxxxxxxxxxxxxxxxxxxxxxxxxxxxxxxxxxxxxxxxxxxxxxxxxxxxxxxxxxxxxxxxxxxxxxxxxxxxxxxxxxxxxxxxxxxxxxxxxxxxxxxxxxxxxxxxxxxxxxxxxxxxxxxxxxxxxxxxxxxxxxxxxxxxxxxxxxxxxxxxxxxxxxxxxxxxxxxxxxxxxxxxxxxxxxxxxxxxxxxxxxxxxxxxxxxxxxxxxxxxxxxxxxxxxxxxxxxxxxxxxxxxxxxxxxxxxxxxxxxxxxxxxxxxxxxxxxxxxxxxxxxxxxxxxxxxxxxxxxxxxxxxxxxxxxxxxxxxxxxxxxxxxxxxxxxxxxxxxxxxxxxxxxxxxxxxxxxxxxxxxxxxxxxxxxxxxxxxxxxxxxxxxxxxxxxxxxxxxxxxxxxxxxxxxxxxxxxxxxxxxxxxxxxxxxxxxxxxxxxxxxxxxxxxxxxxxxxxxxxxxxxxxxxxxxxxxxxxxxxxxxxxxxxxxxxxxxxxxxxxxxxxxxxxxxxxxxxxxxxxxxxxxxxxxxxxxxxxxxxxxxxxxxxxxxxxxxxxxxxxxxxxxxxxxxxxxxxxxxxxxxxxxxxxxxxxxxxxxxxxxxxxxxxxxxxxxxxxxxxxxxxxxxxxxxxxxxxxxxxxxxxxxxxxxxxxxxxxxxxxxxxxxxxxxxxxxxxxxxxxxxxxxxxxxxxxxxxxxxxxxxxxxxxxxxxxxxxxxxxxxxxxxxxxxxxxxxxxxxxxxxxxxxxxxxxxxxxxxxxxxxxxxxxxxxxxxxxxxxxxxxxxxxxxxxxxxxxxxxxxxxxxxxxxxxxxxxxxxxxxxxxxxxxxxxxxxxxxxxxxxxxxxxxxxxxxxxxxxxxxxxxxxxxxxxxxxxxxxxxxxxxxxxxxxxxxxx,Kerala,IN,Dave,closed won,Wants site visit,Varah Swamy Residency,,Referral customer
